{
  "best_model": "Gradient Boosting",
  "leaderboard": [
    {
      "model": "Logistic Regression (baseline)",
      "accuracy": 0.7374,
      "precision": 0.5034,
      "recall": 0.7834,
      "f1": 0.613,
      "roc_auc": 0.8414
    },
    {
      "model": "Gradient Boosting",
      "accuracy": 0.7559,
      "precision": 0.5271,
      "recall": 0.7807,
      "f1": 0.6293,
      "roc_auc": 0.8382
    }
  ],
  "n_rows": 7043,
  "churn_rate": 0.2654,
  "confusion_matrix": [
    [
      773,
      262
    ],
    [
      82,
      292
    ]
  ],
  "roc": {
    "fpr": [
      0.0,
      0.0019,
      0.0077,
      0.0116,
      0.0155,
      0.0184,
      0.0242,
      0.0309,
      0.0357,
      0.0406,
      0.0464,
      0.0493,
      0.057,
      0.0609,
      0.0676,
      0.0715,
      0.0763,
      0.0802,
      0.0899,
      0.0957,
      0.1014,
      0.1159,
      0.1237,
      0.1304,
      0.1353,
      0.1459,
      0.1527,
      0.1623,
      0.1652,
      0.1739,
      0.1807,
      0.1845,
      0.1913,
      0.199,
      0.2135,
      0.2213,
      0.2309,
      0.2348,
      0.2618,
      0.2715,
      0.2976,
      0.315,
      0.3275,
      0.3343,
      0.3391,
      0.3536,
      0.3643,
      0.3729,
      0.3923,
      0.4135,
      0.4232,
      0.4386,
      0.4686,
      0.5362,
      0.5507,
      0.5826,
      0.6686,
      0.7063,
      0.8329,
      1.0
    ],
    "tpr": [
      0.0,
      0.0508,
      0.1016,
      0.1257,
      0.1872,
      0.2219,
      0.2406,
      0.2701,
      0.2968,
      0.3182,
      0.3422,
      0.3743,
      0.4144,
      0.4278,
      0.4385,
      0.4492,
      0.4599,
      0.4786,
      0.4866,
      0.5,
      0.516,
      0.5348,
      0.5428,
      0.5561,
      0.5722,
      0.5856,
      0.6043,
      0.6203,
      0.6417,
      0.6524,
      0.6765,
      0.6845,
      0.7005,
      0.7112,
      0.7273,
      0.746,
      0.7567,
      0.7701,
      0.7807,
      0.7914,
      0.8075,
      0.8155,
      0.8262,
      0.8342,
      0.8503,
      0.8583,
      0.8717,
      0.8797,
      0.8904,
      0.8984,
      0.9091,
      0.9198,
      0.9305,
      0.9385,
      0.9492,
      0.9599,
      0.9706,
      0.9813,
      0.992,
      1.0
    ],
    "auc": 0.8382
  },
  "top_features": [
    {
      "feature": "Contract",
      "importance": 0.09435
    },
    {
      "feature": "tenure",
      "importance": 0.08354
    },
    {
      "feature": "InternetService",
      "importance": 0.01209
    },
    {
      "feature": "TotalCharges",
      "importance": 0.01051
    },
    {
      "feature": "OnlineSecurity",
      "importance": 0.00763
    },
    {
      "feature": "MonthlyCharges",
      "importance": 0.00549
    },
    {
      "feature": "PaymentMethod",
      "importance": 0.00393
    },
    {
      "feature": "TechSupport",
      "importance": 0.00353
    },
    {
      "feature": "PaperlessBilling",
      "importance": 0.0029
    },
    {
      "feature": "SeniorCitizen",
      "importance": 0.00172
    }
  ],
  "schema": {
    "numeric": {
      "tenure": {
        "min": 0.0,
        "max": 72.0,
        "median": 29.0
      },
      "MonthlyCharges": {
        "min": 18.25,
        "max": 118.75,
        "median": 70.35
      },
      "TotalCharges": {
        "min": 18.8,
        "max": 8684.8,
        "median": 1397.475
      }
    },
    "categorical": {
      "gender": [
        "Female",
        "Male"
      ],
      "SeniorCitizen": [
        "No",
        "Yes"
      ],
      "Partner": [
        "No",
        "Yes"
      ],
      "Dependents": [
        "No",
        "Yes"
      ],
      "PhoneService": [
        "No",
        "Yes"
      ],
      "MultipleLines": [
        "No",
        "No phone service",
        "Yes"
      ],
      "InternetService": [
        "DSL",
        "Fiber optic",
        "No"
      ],
      "OnlineSecurity": [
        "No",
        "No internet service",
        "Yes"
      ],
      "OnlineBackup": [
        "No",
        "No internet service",
        "Yes"
      ],
      "DeviceProtection": [
        "No",
        "No internet service",
        "Yes"
      ],
      "TechSupport": [
        "No",
        "No internet service",
        "Yes"
      ],
      "StreamingTV": [
        "No",
        "No internet service",
        "Yes"
      ],
      "StreamingMovies": [
        "No",
        "No internet service",
        "Yes"
      ],
      "Contract": [
        "Month-to-month",
        "One year",
        "Two year"
      ],
      "PaperlessBilling": [
        "No",
        "Yes"
      ],
      "PaymentMethod": [
        "Bank transfer (automatic)",
        "Credit card (automatic)",
        "Electronic check",
        "Mailed check"
      ]
    },
    "feature_order": [
      "gender",
      "SeniorCitizen",
      "Partner",
      "Dependents",
      "tenure",
      "PhoneService",
      "MultipleLines",
      "InternetService",
      "OnlineSecurity",
      "OnlineBackup",
      "DeviceProtection",
      "TechSupport",
      "StreamingTV",
      "StreamingMovies",
      "Contract",
      "PaperlessBilling",
      "PaymentMethod",
      "MonthlyCharges",
      "TotalCharges"
    ]
  }
}